"Dia America/Cuiaba";"Sessoes chegada";"Sessoes inicio";"Sessoes conclusao";"Sessoes captura"
"2026-09-17";"29";"18";"9";"9"
"2026-09-18";"23";"17";"10";"10"
"2026-09-19";"12";"5";"2";"2"
"2026-09-20";"10";"7";"3";"3"
"2026-09-21";"7";"6";"3";"3"
"2026-09-22";"9";"4";"1";"1"
"2026-09-23";"4";"2";"1";"1"
"2026-09-25";"4";"2";"1";"1"
"2026-09-28";"1";"0";"0";"0"
"2026-09-29";"2";"2";"2";"2"
"2026-09-30";"1";"0";"0";"0"
"2026-10-01";"1";"1";"1";"0"
"2026-10-02";"2";"1";"1";"0"
"2026-10-03";"1";"0";"0";"0"
"2026-10-04";"2";"1";"1";"0"
"2026-10-05";"2";"2";"2";"0"
"2026-10-07";"1";"1";"1";"0"